Date,Open,High,Low,Close,Volume,Dividends,Stock Splits,Index_numerico,week,Avg,Valor Investido,Saldo Restante,Week,Date,Dia_Util,Aporte_Diario,Qtd_Acoes_Compradas,Dinheiro_Investido,Dinheiro_Em_Conta,Valor Final
2024-01-01 00:00:00-03:00,9.796750163882596,9.834575419271129,9.740012731712406,9.806206703186035,23414900.0,0.0,0.0,10,0,9.801478433534315,4200,0,0,2024-01-01,False,4200,428,4195.032769552687,4.967230447313341,4200.0
2024-01-02 00:00:00-03:00,9.74947050366156,9.75892614233527,9.57925638198002,9.617081642150879,16813400.0,0.0,0.0,11,1,9.683276072906219,4200,0,1,2024-01-02,True,0,428,4144.442159203862,4.967230447313341,4149.409389651175
2024-01-03 00:00:00-03:00,9.598166465759277,9.692730046454747,9.569797752280694,9.598166465759277,18182000.0,0.0,0.0,12,2,9.598166465759277,4200,0,2,2024-01-03,True,0,428,4108.015247344971,4.967230447313341,4112.982477792284
2024-01-04 00:00:00-03:00,9.598167342605258,9.626536960500706,9.418497605060207,9.475235939025879,25078600.0,0.0,0.0,13,3,9.536701640815568,4200,0,3,2024-01-04,True,0,428,4081.708302269063,4.967230447313341,4086.6755327163764
2024-01-05 00:00:00-03:00,9.475236658853895,9.730556926532886,9.456323578820115,9.673818588256836,27054600.0,0.0,0.0,14,4,9.574527623555365,4200,0,4,2024-01-05,True,0,428,4097.897822881697,4.967230447313341,4102.86505332901
2024-01-06 00:00:00-03:00,9.475236658853895,9.730556926532886,9.456323578820115,9.673818588256836,27054600.0,0.0,0.0,15,5,9.574527623555365,4200,0,5,2024-01-06,False,0,428,4097.897822881697,4.967230447313341,4102.86505332901
2024-01-07 00:00:00-03:00,9.475236658853895,9.730556926532886,9.456323578820115,9.673818588256836,27054600.0,0.0,0.0,16,6,9.574527623555365,4200,0,6,2024-01-07,False,0,428,4097.897822881697,4.967230447313341,4102.86505332901
2024-01-08 00:00:00-03:00,9.673818026579397,9.692731105515055,9.579255337376834,9.607624053955078,15826100.0,0.0,0.0,17,0,9.640721040267238,4200,0,0,2024-01-08,True,0,428,4126.228605234378,4.967230447313341,4131.195835681691
2024-01-09 00:00:00-03:00,9.579257424530892,9.654907953105978,9.513063437484051,9.62653923034668,13708500.0,0.0,0.0,18,1,9.602898327438787,4200,0,1,2024-01-09,True,0,428,4110.040484143801,4.967230447313341,4115.007714591115
2024-01-10 00:00:00-03:00,9.645448256107011,9.664361332976162,9.560341213846119,9.598166465759277,9474800.0,0.0,0.0,19,2,9.621807360933143,4200,0,2,2024-01-10,True,0,428,4118.133550479385,4.967230447313341,4123.1007809266985
2024-01-11 00:00:00-03:00,9.560341791355423,9.626536662570926,9.494147821965116,9.550886154174805,13242500.0,0.0,0.0,20,3,9.555613972765114,4200,0,3,2024-01-11,True,0,428,4089.802780343469,4.967230447313341,4094.770010790782
2024-01-12 00:00:00-03:00,9.531972500367534,9.626536081063003,9.456321996541217,9.598166465759277,13867400.0,0.0,0.0,21,4,9.565069483063406,4200,0,4,2024-01-12,True,0,428,4093.8497387511375,4.967230447313341,4098.816969198451
2024-01-13 00:00:00-03:00,9.531972500367534,9.626536081063003,9.456321996541217,9.598166465759277,13867400.0,0.0,0.0,22,5,9.565069483063406,4200,0,5,2024-01-13,False,0,428,4093.8497387511375,4.967230447313341,4098.816969198451
2024-01-14 00:00:00-03:00,9.531972500367534,9.626536081063003,9.456321996541217,9.598166465759277,13867400.0,0.0,0.0,23,6,9.565069483063406,4200,0,6,2024-01-14,False,0,428,4093.8497387511375,4.967230447313341,4098.816969198451
2024-01-15 00:00:00-03:00,9.598168029408892,9.664362907409668,9.550887133183709,9.664362907409668,9958800.0,0.0,0.0,24,0,9.63126546840928,4200,0,0,2024-01-15,True,0,428,4122.181620479172,4.967230447313341,4127.1488509264855
2024-01-16 00:00:00-03:00,9.598167578751724,9.635992835051056,9.503604888916016,9.503604888916016,27879100.0,0.0,0.0,25,1,9.55088623383387,4200,0,1,2024-01-16,True,0,428,4087.7793080808965,4.967230447313341,4092.74653852821
2024-01-17 00:00:00-03:00,9.484692041819311,9.579255635792993,9.475236403882159,9.531973838806152,20677200.0,0.0,0.0,26,2,9.508332940312732,4200,0,2,2024-01-17,True,0,428,4069.5664984538494,4.967230447313341,4074.5337289011627
2024-01-18 00:00:00-03:00,9.541430585156887,9.550887125124058,9.43741044916857,9.446866989135742,22394100.0,0.0,0.0,27,3,9.494148787146315,4200,0,3,2024-01-18,True,0,428,4063.495680898623,4.967230447313341,4068.4629113459364
2024-01-19 00:00:00-03:00,9.44686740796204,9.494149208068848,9.399585607855233,9.494149208068848,13732900.0,0.0,0.0,28,4,9.470508308015443,4200,0,4,2024-01-19,True,0,428,4053.3775558306097,4.967230447313341,4058.344786277923
2024-01-20 00:00:00-03:00,9.44686740796204,9.494149208068848,9.399585607855233,9.494149208068848,13732900.0,0.0,0.0,29,5,9.470508308015443,4200,0,5,2024-01-20,False,0,428,4053.3775558306097,4.967230447313341,4058.344786277923
2024-01-21 00:00:00-03:00,9.44686740796204,9.494149208068848,9.399585607855233,9.494149208068848,13732900.0,0.0,0.0,30,6,9.470508308015443,4200,0,6,2024-01-21,False,0,428,4053.3775558306097,4.967230447313341,4058.344786277923
2024-01-22 00:00:00-03:00,9.494149092031915,9.522517811019148,9.295566255470652,9.371216773986816,10168000.0,0.0,0.0,31,0,9.432682933009366,4200,0,0,2024-01-22,True,0,428,4037.1882953280083,4.967230447313341,4042.1555257753216
2024-01-23 00:00:00-03:00,9.418497836786207,9.54143014521535,9.352303863718687,9.503604888916016,30001500.0,0.0,0.0,32,1,9.461051362851112,4200,0,1,2024-01-23,True,0,428,4049.329983300276,4.967230447313341,4054.2972137475895
2024-01-24 00:00:00-03:00,9.541430350317292,9.626537404276556,9.36175970266434,9.418498039245605,20682000.0,0.0,0.0,33,2,9.479964194781449,4200,0,2,2024-01-24,True,0,428,4057.42467536646,4.967230447313341,4062.3919058137735
2024-01-25 00:00:00-03:00,9.418496893696814,9.456322146208642,9.371215102600738,9.39958381652832,14592900.0,0.0,0.0,34,3,9.409040355112566,4200,0,3,2024-01-25,True,0,428,4027.069271988178,4.967230447313341,4032.0365024354915
2024-01-26 00:00:00-03:00,9.418497510312847,9.513061098695943,9.390128794528003,9.465779304504395,16850900.0,0.0,0.0,35,4,9.44213840740862,4200,0,4,2024-01-26,True,0,428,4041.2352383708894,4.967230447313341,4046.2024688182028
2024-01-27 00:00:00-03:00,9.418497510312847,9.513061098695943,9.390128794528003,9.465779304504395,16850900.0,0.0,0.0,36,5,9.44213840740862,4200,0,5,2024-01-27,False,0,428,4041.2352383708894,4.967230447313341,4046.2024688182028
2024-01-28 00:00:00-03:00,9.418497510312847,9.513061098695943,9.390128794528003,9.465779304504395,16850900.0,0.0,0.0,37,6,9.44213840740862,4200,0,6,2024-01-28,False,0,428,4041.2352383708894,4.967230447313341,4046.2024688182028
2024-01-29 00:00:00-03:00,9.456323062206838,9.494148318382656,9.371216010354939,9.390129089355469,10130500.0,0.0,0.0,38,0,9.423226075781153,4200,0,0,2024-01-29,True,0,428,4033.1407604343335,4.967230447313341,4038.107990881647
2024-01-30 00:00:00-03:00,9.409041895763604,9.427954976028953,9.32393483822014,9.352304458618164,27913100.0,0.0,0.0,39,1,9.380673177190884,4200,0,1,2024-01-30,True,0,428,4014.9281198376984,4.967230447313341,4019.895350285012
2024-01-31 00:00:00-03:00,9.390129646875721,9.617081197405424,9.361760026690536,9.456323623657227,21939100.0,0.0,0.0,40,2,9.423226635266474,4200,0,2,2024-01-31,True,0,428,4033.1409998940508,4.967230447313341,4038.108230341364
2024-02-01 00:00:00-03:00,9.456323529102914,9.531974045189715,9.28610941699497,9.446866989135742,22177500.0,0.0,0.0,41,3,9.451595259119328,8400,0,3,2024-02-01,True,4200,872,8241.791065952055,8.45893539833196,8250.250001350387
2024-02-02 00:00:00-03:00,9.44686593985676,9.494147732615666,9.286108385571595,9.437409400939941,25446700.0,0.0,0.0,42,4,9.44213767039835,8400,0,4,2024-02-02,True,0,872,8233.544048587362,8.45893539833196,8242.002983985694
2024-02-03 00:00:00-03:00,9.44686593985676,9.494147732615666,9.286108385571595,9.437409400939941,25446700.0,0.0,0.0,43,5,9.44213767039835,8400,0,5,2024-02-03,False,0,872,8233.544048587362,8.45893539833196,8242.002983985694
2024-02-04 00:00:00-03:00,9.44686593985676,9.494147732615666,9.286108385571595,9.437409400939941,25446700.0,0.0,0.0,44,6,9.44213767039835,8400,0,6,2024-02-04,False,0,872,8233.544048587362,8.45893539833196,8242.002983985694
2024-02-05 00:00:00-03:00,9.456321996541217,9.617079542628428,9.437408919672066,9.598166465759277,17922000.0,0.0,0.0,45,0,9.527244231150247,8400,0,0,2024-02-05,True,0,872,8307.756969563015,8.45893539833196,8316.215904961347
2024-02-06 00:00:00-03:00,9.60762533777674,10.004791030244512,9.598168797045279,9.976422309875488,35299500.0,0.0,0.0,46,1,9.792023823826113,8400,0,1,2024-02-06,True,0,872,8538.644774376371,8.45893539833196,8547.103709774703
2024-02-07 00:00:00-03:00,9.929138903161617,9.976420697351239,9.815663138201653,9.90077018737793,18513200.0,0.0,0.0,47,2,9.914954545269772,8400,0,2,2024-02-07,True,0,872,8645.840363475241,8.45893539833196,8654.299298873573
2024-02-08 00:00:00-03:00,9.910225596247441,9.957507389346848,9.730555864659928,9.768381118774414,23663100.0,0.0,0.0,48,3,9.839303357510929,8400,0,3,2024-02-08,True,0,872,8579.87252774953,8.45893539833196,8588.331463147862
2024-02-09 00:00:00-03:00,9.777837987100941,9.872400674659664,9.740012731712406,9.806206703186035,17723300.0,0.0,0.0,49,4,9.792022345143488,8400,0,4,2024-02-09,True,0,872,8538.643484965121,8.45893539833196,8547.102420363453
2024-02-10 00:00:00-03:00,9.777837987100941,9.872400674659664,9.740012731712406,9.806206703186035,17723300.0,0.0,0.0,50,5,9.792022345143488,8400,0,5,2024-02-10,False,0,872,8538.643484965121,8.45893539833196,8547.102420363453
2024-02-11 00:00:00-03:00,9.777837987100941,9.872400674659664,9.740012731712406,9.806206703186035,17723300.0,0.0,0.0,51,6,9.792022345143488,8400,0,6,2024-02-11,False,0,872,8538.643484965121,8.45893539833196,8547.102420363453
2024-02-12 00:00:00-03:00,9.777837987100941,9.872400674659664,9.740012731712406,9.806206703186035,17723300.0,0.0,0.0,52,0,9.792022345143488,8400,0,0,2024-02-12,True,0,872,8538.643484965121,8.45893539833196,8547.102420363453
2024-02-13 00:00:00-03:00,9.777837987100941,9.872400674659664,9.740012731712406,9.806206703186035,17723300.0,0.0,0.0,53,1,9.792022345143488,8400,0,1,2024-02-13,True,0,872,8538.643484965121,8.45893539833196,8547.102420363453
2024-02-14 00:00:00-03:00,9.777838843900001,9.844032821173986,9.740013585196968,9.796751022338867,12786200.0,0.0,0.0,54,2,9.787294933119433,8400,0,2,2024-02-14,True,0,872,8534.521181680146,8.45893539833196,8542.980117078478
2024-02-15 00:00:00-03:00,9.834574890854155,9.891313221800987,9.787294000527833,9.853487968444824,14267300.0,0.0,0.0,55,3,9.84403142964949,8400,0,3,2024-02-15,True,0,872,8583.995406654356,8.45893539833196,8592.454342052688
2024-02-16 00:00:00-03:00,9.872401426483574,9.938596304823438,9.82512053001619,9.891314506530762,18477900.0,0.0,0.0,56,4,9.881857966507168,8400,0,4,2024-02-16,True,0,872,8616.98014679425,8.45893539833196,8625.439082192583
2024-02-17 00:00:00-03:00,9.872401426483574,9.938596304823438,9.82512053001619,9.891314506530762,18477900.0,0.0,0.0,57,5,9.881857966507168,8400,0,5,2024-02-17,False,0,872,8616.98014679425,8.45893539833196,8625.439082192583
2024-02-18 00:00:00-03:00,9.872401426483574,9.938596304823438,9.82512053001619,9.891314506530762,18477900.0,0.0,0.0,58,6,9.881857966507168,8400,0,6,2024-02-18,False,0,872,8616.98014679425,8.45893539833196,8625.439082192583
2024-02-19 00:00:00-03:00,9.891313260993295,9.995332482678604,9.872400183327686,9.966963768005371,12006600.0,0.0,0.0,59,0,9.929138514499332,8400,0,0,2024-02-19,True,0,872,8658.208784643417,8.45893539833196,8666.667720041749
2024-02-20 00:00:00-03:00,10.108808971510578,10.34521704841221,10.052071538076325,10.269566535949707,35548200.0,0.0,0.0,60,1,10.189187753730142,8400,0,1,2024-02-20,True,0,872,8884.971721252683,8.45893539833196,8893.430656651015
2024-02-21 00:00:00-03:00,10.279023871084807,10.316849130243822,10.07098449479756,10.137179374694824,18884200.0,0.0,0.0,61,2,10.208101622889815,8400,0,2,2024-02-21,True,0,872,8901.464615159919,8.45893539833196,8909.923550558251
2024-02-22 00:00:00-03:00,10.193915131471057,10.250653461765681,10.080439372706975,10.165546417236328,38051200.0,0.0,0.0,62,3,10.179730774353693,8400,0,3,2024-02-22,True,0,872,8876.725235236421,8.45893539833196,8885.184170634753
2024-02-23 00:00:00-03:00,10.146578479142757,10.156306036924065,9.913099464961942,10.039566993713379,37040500.0,0.3005,0.0,63,4,10.093072736428068,8400,0,4,2024-02-23,True,0,872,8801.159426165275,270.49493539833196,9071.654361563607
2024-02-24 00:00:00-03:00,10.146578479142757,10.156306036924065,9.913099464961942,10.039566993713379,37040500.0,0.3005,0.0,64,5,10.093072736428068,8400,0,5,2024-02-24,False,0,898,9063.579317312406,8.0750442512022,9071.654361563607
2024-02-25 00:00:00-03:00,10.146578479142757,10.156306036924065,9.913099464961942,10.039566993713379,37040500.0,0.3005,0.0,65,6,10.093072736428068,8400,0,6,2024-02-25,False,0,898,9063.579317312406,8.0750442512022,9071.654361563607
2024-02-26 00:00:00-03:00,10.039566118945443,10.117392140971425,9.981197066305638,10.029838562011719,20967900.0,0.0,0.0,66,0,10.034702340478582,8400,0,0,2024-02-26,True,0,898,9011.162701749767,8.0750442512022,9019.237746000968
2024-02-27 00:00:00-03:00,10.068752332948081,10.224404388747644,10.04929536209342,10.214675903320312,18089600.0,0.0,0.0,67,1,10.141714118134196,8400,0,1,2024-02-27,True,0,898,9107.259278084508,8.0750442512022,9115.33432233571
2024-02-28 00:00:00-03:00,10.17576265038069,10.29250168948861,10.136849637344719,10.253588676452637,19676500.0,0.0,0.0,68,2,10.214675663416664,8400,0,2,2024-02-28,True,0,898,9172.778745748165,8.0750442512022,9180.853789999366
2024-02-29 00:00:00-03:00,10.224404644266677,10.243860687848134,9.942285054139637,10.020111083984375,28162700.0,0.0,0.0,69,3,10.122257864125526,8400,0,3,2024-02-29,True,0,898,9089.787561984722,8.0750442512022,9097.862606235924
2024-03-01 00:00:00-03:00,10.04305362701416,10.10155633020766,9.984549993936959,10.04305362701416,9560800.0,0.02353,0.0,70,4,10.04305362701416,8400,0,4,2024-03-01,True,0,898,9018.662157058716,29.204984251202198,9047.867141309918
2024-03-02 00:00:00-03:00,10.04305362701416,10.10155633020766,9.984549993936959,10.04305362701416,9560800.0,0.02353,0.0,71,5,10.04305362701416,8400,0,5,2024-03-02,False,0,900,9038.748264312744,9.118876997173878,9047.867141309918
2024-03-03 00:00:00-03:00,10.04305362701416,10.10155633020766,9.984549993936959,10.04305362701416,9560800.0,0.02353,0.0,72,6,10.04305362701416,8400,0,6,2024-03-03,False,0,900,9038.748264312744,9.118876997173878,9047.867141309918
2024-03-04 00:00:00-03:00,10.043053880717032,10.062554472312913,9.974799485422135,10.013802528381348,10144400.0,0.0,0.0,73,0,10.02842820454919,12600,0,0,2024-03-04,True,4200,1318,13217.468373595832,17.23588749561238,13234.704261091443
2024-03-05 00:00:00-03:00,10.023551940917969,10.11130692414641,9.99430058980305,10.023551940917969,14915200.0,0.0,0.0,74,1,10.023551940917969,12600,0,1,2024-03-05,True,0,1319,13221.0650100708,7.212335554694413,13228.277345625494
2024-03-06 00:00:00-03:00,10.062553629468413,10.208812238663588,10.04305303950591,10.150308609008789,25695400.0,0.0,0.0,75,2,10.1064311192386,12600,0,2,2024-03-06,True,0,1319,13330.382646275713,7.212335554694413,13337.594981830407
2024-03-07 00:00:00-03:00,10.140558187619785,10.208812579476275,10.00405126367416,10.072304725646973,12144100.0,0.0,0.0,76,3,10.106431456633379,12600,0,3,2024-03-07,True,0,1319,13330.383091299427,7.212335554694413,13337.59542685412
2024-03-08 00:00:00-03:00,10.04305414547147,10.208813362882955,10.023552623477766,10.169811248779297,14096100.0,0.0,0.0,77,4,10.106432697125383,12600,0,4,2024-03-08,True,0,1319,13330.38472750838,7.212335554694413,13337.597063063075
2024-03-09 00:00:00-03:00,10.04305414547147,10.208813362882955,10.023552623477766,10.169811248779297,14096100.0,0.0,0.0,78,5,10.106432697125383,12600,0,5,2024-03-09,False,0,1319,13330.38472750838,7.212335554694413,13337.597063063075
2024-03-10 00:00:00-03:00,10.04305414547147,10.208813362882955,10.023552623477766,10.169811248779297,14096100.0,0.0,0.0,79,6,10.106432697125383,12600,0,6,2024-03-10,False,0,1319,13330.38472750838,7.212335554694413,13337.597063063075
2024-03-11 00:00:00-03:00,10.140557598795604,10.238063335852411,10.121057009314418,10.179559707641602,14238400.0,0.0,0.0,80,0,10.160058653218602,12600,0,0,2024-03-11,True,0,1319,13401.117363595336,7.212335554694413,13408.32969915003
2024-03-12 00:00:00-03:00,10.228313107661428,10.325818849784902,10.179560236599691,10.306317329406738,17672200.0,0.0,0.0,81,1,10.267315218534083,12600,0,1,2024-03-12,True,0,1319,13542.588773246456,7.212335554694413,13549.80110880115
2024-03-13 00:00:00-03:00,10.28681632014997,10.47207610678249,10.25756497065718,10.433073997497559,18305400.0,0.0,0.0,82,2,10.359945158823765,12600,0,2,2024-03-13,True,0,1319,13664.767664488545,7.212335554694413,13671.980000043239
2024-03-14 00:00:00-03:00,10.433073997497559,10.47207610678249,10.335569189227044,10.433073997497559,14540600.0,0.0,0.0,83,3,10.433073997497559,12600,0,3,2024-03-14,True,0,1319,13761.22460269928,7.212335554694413,13768.436938253973
2024-03-15 00:00:00-03:00,10.4525761651503,10.520829628159794,10.384321772257112,10.394072532653809,49834500.0,0.0,0.0,84,4,10.423324348902053,12600,0,4,2024-03-15,True,0,1319,13748.364816201807,7.212335554694413,13755.5771517565
2024-03-16 00:00:00-03:00,10.4525761651503,10.520829628159794,10.384321772257112,10.394072532653809,49834500.0,0.0,0.0,85,5,10.423324348902053,12600,0,5,2024-03-16,False,0,1319,13748.364816201807,7.212335554694413,13755.5771517565
2024-03-17 00:00:00-03:00,10.4525761651503,10.520829628159794,10.384321772257112,10.394072532653809,49834500.0,0.0,0.0,86,6,10.423324348902053,12600,0,6,2024-03-17,False,0,1319,13748.364816201807,7.212335554694413,13755.5771517565
2024-03-18 00:00:00-03:00,10.413573492382586,10.511078301445094,10.345319103166823,10.384321212768555,11613200.0,0.0,0.0,87,0,10.39894735257557,12600,0,0,2024-03-18,True,0,1319,13716.211558047176,7.212335554694413,13723.42389360187
2024-03-19 00:00:00-03:00,10.394072478154552,10.442825349998719,10.296567664349904,10.32581901550293,8340200.0,0.0,0.0,88,1,10.35994574682874,12600,0,1,2024-03-19,True,0,1319,13664.76844006711,7.212335554694413,13671.980775621803
2024-03-20 00:00:00-03:00,10.355070474537062,10.462326049804688,10.316068362632134,10.462326049804688,15748700.0,0.0,0.0,89,2,10.408698262170875,12600,0,2,2024-03-20,True,0,1319,13729.073007803383,7.212335554694413,13736.285343358077
2024-03-21 00:00:00-03:00,10.442823818191336,10.452574577106615,10.22831177147295,10.31606674194336,16404100.0,0.0,0.0,90,3,10.379445280067348,12600,0,3,2024-03-21,True,0,1319,13690.488324408832,7.212335554694413,13697.700659963526
2024-03-22 00:00:00-03:00,10.257174645329542,10.296436521121084,10.109942845130492,10.15902042388916,11735700.0,0.07,0.0,91,4,10.208097534609351,12600,0,4,2024-03-22,True,0,1319,13464.480648149734,99.54233555469443,13564.022983704428
2024-03-23 00:00:00-03:00,10.257174645329542,10.296436521121084,10.109942845130492,10.15902042388916,11735700.0,0.07,0.0,92,5,10.208097534609351,12600,0,5,2024-03-23,False,0,1328,13556.353525961218,7.669457743210273,13564.022983704428
2024-03-24 00:00:00-03:00,10.257174645329542,10.296436521121084,10.109942845130492,10.15902042388916,11735700.0,0.07,0.0,93,6,10.208097534609351,12600,0,6,2024-03-24,False,0,1328,13556.353525961218,7.669457743210273,13564.022983704428
2024-03-25 00:00:00-03:00,10.129573451765394,10.129573451765394,10.021603525899991,10.06086540222168,18163600.0,0.0,0.0,94,0,10.095219426993538,12600,0,0,2024-03-25,True,0,1328,13406.451399047419,7.669457743210273,13414.120856790629
2024-03-26 00:00:00-03:00,10.041233803469165,10.198282241821289,10.031419036634679,10.198282241821289,15244700.0,0.0,0.0,95,1,10.119758022645227,12600,0,1,2024-03-26,True,0,1328,13439.038654072861,7.669457743210273,13446.708111816071
2024-03-27 00:00:00-03:00,10.198281627425567,10.296435842395772,10.100126476378469,10.286620140075684,12344100.0,0.0,0.0,96,2,10.242450883750625,12600,0,2,2024-03-27,True,0,1328,13601.97477362083,7.669457743210273,13609.64423136404
2024-03-28 00:00:00-03:00,10.306252479553223,10.335698653107535,10.188466849258994,10.306252479553223,16530900.0,0.0,0.0,97,3,10.306252479553223,12600,0,3,2024-03-28,True,0,1328,13686.70329284668,7.669457743210273,13694.37275058989
2024-03-29 00:00:00-03:00,10.306252479553223,10.335698653107535,10.188466849258994,10.306252479553223,16530900.0,0.0,0.0,98,4,10.306252479553223,12600,0,4,2024-03-29,False,0,1328,13686.70329284668,7.669457743210273,13694.37275058989
2024-03-30 00:00:00-03:00,10.306252479553223,10.335698653107535,10.188466849258994,10.306252479553223,16530900.0,0.0,0.0,99,5,10.306252479553223,12600,0,5,2024-03-30,False,0,1328,13686.70329284668,7.669457743210273,13694.37275058989
2024-03-31 00:00:00-03:00,10.306252479553223,10.335698653107535,10.188466849258994,10.306252479553223,16530900.0,0.0,0.0,100,6,10.306252479553223,12600,0,6,2024-03-31,False,0,1328,13686.70329284668,7.669457743210273,13694.37275058989
2024-04-01 00:00:00-03:00,10.306252902664475,10.355330484654472,9.982342172038324,10.03141975402832,16297100.0,0.0,0.0,101,0,10.168836328346398,12600,0,0,2024-04-01,True,0,1328,13504.214644044016,7.669457743210273,13511.884101787226
2024-04-02 00:00:00-03:00,10.011788407364728,10.041234582306043,9.923448946463756,9.992157936096191,16861800.0,0.0,0.0,102,1,10.001973171730459,12600,0,1,2024-04-02,True,0,1328,13282.620372058049,7.669457743210273,13290.289829801259
2024-04-03 00:00:00-03:00,9.992157936096191,10.031419814710286,9.874372300253903,9.992157936096191,14824100.0,0.0,0.0,103,2,9.992157936096191,16800,0,2,2024-04-03,True,4200,1748,17466.292072296143,10.963124582809883,17477.255196878952
2024-04-04 00:00:00-03:00,10.011788119105544,10.119758984243381,9.8154787316872,9.864556312561035,22398900.0,0.0,0.0,104,3,9.93817221583329,16800,0,3,2024-04-04,True,0,1749,17381.863205492424,1.024952366976592,17382.8881578594
2024-04-05 00:00:00-03:00,9.874372097044121,9.894002567908672,9.727139353213472,9.805663108825684,17702500.0,0.0,0.0,105,4,9.840017602934903,16800,0,4,2024-04-05,True,0,1749,17210.190787533145,1.024952366976592,17211.215739900123
2024-04-06 00:00:00-03:00,9.874372097044121,9.894002567908672,9.727139353213472,9.805663108825684,17702500.0,0.0,0.0,106,5,9.840017602934903,16800,0,5,2024-04-06,False,0,1749,17210.190787533145,1.024952366976592,17211.215739900123
2024-04-07 00:00:00-03:00,9.874372097044121,9.894002567908672,9.727139353213472,9.805663108825684,17702500.0,0.0,0.0,107,6,9.840017602934903,16800,0,6,2024-04-07,False,0,1749,17210.190787533145,1.024952366976592,17211.215739900123
2024-04-08 00:00:00-03:00,9.835109595921976,9.972525691495877,9.805662487375901,9.913633346557617,20111600.0,0.0,0.0,108,0,9.874371471239797,16800,0,0,2024-04-08,True,0,1749,17270.275703198407,1.024952366976592,17271.300655565385
2024-04-09 00:00:00-03:00,9.923448424874957,10.060865460839993,9.913633657795076,10.02160358428955,11269100.0,0.0,0.0,109,1,9.972526004582253,16800,0,1,2024-04-09,True,0,1749,17441.94798201436,1.024952366976592,17442.972934381338
2024-04-10 00:00:00-03:00,10.011787208011445,10.021602910508362,9.766400262050002,9.82529354095459,18577000.0,0.0,0.0,110,2,9.918540374483017,16800,0,2,2024-04-10,True,0,1749,17347.5271149708,1.024952366976592,17348.552067337776
2024-04-11 00:00:00-03:00,9.79584643346384,9.854739712368428,9.717322685642332,9.82529354095459,18931300.0,0.0,0.0,111,3,9.810569987209215,16800,0,3,2024-04-11,True,0,1749,17158.68690762892,1.024952366976592,17159.711859995896
2024-04-12 00:00:00-03:00,9.78603228899093,9.795847056034708,9.67806142681663,9.717323303222656,12322000.0,0.0,0.0,112,4,9.751677796106794,16800,0,4,2024-04-12,True,0,1749,17055.684465390783,1.024952366976592,17056.70941775776
2024-04-13 00:00:00-03:00,9.78603228899093,9.795847056034708,9.67806142681663,9.717323303222656,12322000.0,0.0,0.0,113,5,9.751677796106794,16800,0,5,2024-04-13,False,0,1749,17055.684465390783,1.024952366976592,17056.70941775776
2024-04-14 00:00:00-03:00,9.78603228899093,9.795847056034708,9.67806142681663,9.717323303222656,12322000.0,0.0,0.0,114,6,9.751677796106794,16800,0,6,2024-04-14,False,0,1749,17055.684465390783,1.024952366976592,17056.70941775776
2024-04-15 00:00:00-03:00,9.707509268986147,9.736955444494276,9.481752760551704,9.550460815429688,20823100.0,0.0,0.0,115,0,9.628985042207917,16800,0,0,2024-04-15,True,0,1749,16841.094838821646,1.024952366976592,16842.119791188623
2024-04-16 00:00:00-03:00,9.50138439420643,9.521014866319625,9.38359875329607,9.413044929504395,21501400.0,0.0,0.0,116,1,9.457214661855414,16800,0,1,2024-04-16,True,0,1749,16540.668443585117,1.024952366976592,16541.693395952094
2024-04-17 00:00:00-03:00,9.432674504714837,9.462121614200258,9.324704578165893,9.37378215789795,23210400.0,0.0,0.0,117,2,9.403228331306394,16800,0,2,2024-04-17,True,0,1749,16446.246351454884,1.024952366976592,16447.27130382186
2024-04-18 00:00:00-03:00,9.373782645505898,9.462122106403474,9.25599700966814,9.363966941833496,22639400.0,0.0,0.0,118,3,9.368874793669697,16800,0,3,2024-04-18,True,0,1749,16386.1620141283,1.024952366976592,16387.186966495276
2024-04-19 00:00:00-03:00,9.363966475278067,9.422859758301126,9.324704598621686,9.354150772094727,14633800.0,0.0,0.0,119,4,9.359058623686398,16800,0,4,2024-04-19,True,0,1749,16368.99353282751,1.024952366976592,16370.018485194487
2024-04-20 00:00:00-03:00,9.363966475278067,9.422859758301126,9.324704598621686,9.354150772094727,14633800.0,0.0,0.0,120,5,9.359058623686398,16800,0,5,2024-04-20,False,0,1749,16368.99353282751,1.024952366976592,16370.018485194487
2024-04-21 00:00:00-03:00,9.363966475278067,9.422859758301126,9.324704598621686,9.354150772094727,14633800.0,0.0,0.0,121,6,9.359058623686398,16800,0,6,2024-04-21,False,0,1749,16368.99353282751,1.024952366976592,16370.018485194487
2024-04-22 00:00:00-03:00,9.37378268476811,9.413044563545144,9.275627519787008,9.34433650970459,14231500.0,0.0,0.0,122,0,9.35905959723635,16800,0,0,2024-04-22,True,0,1749,16368.995235566375,1.024952366976592,16370.020187933353
2024-04-23 00:00:00-03:00,9.285443584498903,9.511199162224496,9.285443584498903,9.413044929504395,22153700.0,0.0,0.0,123,1,9.349244257001649,16800,0,1,2024-04-23,True,0,1749,16351.828205495884,1.024952366976592,16352.85315786286
2024-04-24 00:00:00-03:00,9.393412590026855,9.452305872681736,9.354150713615926,9.393412590026855,16831700.0,0.0,0.0,124,2,9.393412590026855,16800,0,2,2024-04-24,True,0,1749,16429.07861995697,1.024952366976592,16430.103572323947
2024-04-25 00:00:00-03:00,9.393413156118113,9.432675034895148,9.285443223500524,9.34433650970459,14064100.0,0.0,0.0,125,3,9.368874832911352,16800,0,3,2024-04-25,True,0,1749,16386.162082761955,1.024952366976592,16387.187035128933
2024-04-26 00:00:00-03:00,9.373781946958148,9.550459919509976,9.344335774212336,9.511198043823242,15210400.0,0.0,0.0,126,4,9.442489995390694,16800,0,4,2024-04-26,True,0,1749,16514.915001938323,1.024952366976592,16515.9399543053
2024-04-27 00:00:00-03:00,9.373781946958148,9.550459919509976,9.344335774212336,9.511198043823242,15210400.0,0.0,0.0,127,5,9.442489995390694,16800,0,5,2024-04-27,False,0,1749,16514.915001938323,1.024952366976592,16515.9399543053
2024-04-28 00:00:00-03:00,9.373781946958148,9.550459919509976,9.344335774212336,9.511198043823242,15210400.0,0.0,0.0,128,6,9.442489995390694,16800,0,6,2024-04-28,False,0,1749,16514.915001938323,1.024952366976592,16515.9399543053
2024-04-29 00:00:00-03:00,9.5210133158654,9.550459487278548,9.393411991639212,9.481751441955566,16735600.0,0.0,0.0,129,0,9.501382378910483,16800,0,0,2024-04-29,True,0,1749,16617.917780714433,1.024952366976592,16618.94273308141
2024-04-30 00:00:00-03:00,9.46212112302678,9.540644872091157,9.363965968657844,9.383597373962402,27496100.0,0.0,0.0,130,1,9.422859248494591,16800,0,1,2024-04-30,True,0,1749,16480.58082561704,1.024952366976592,16481.605777984016
2024-05-01 00:00:00-03:00,9.46212112302678,9.540644872091157,9.363965968657844,9.383597373962402,27496100.0,0.0,0.0,131,2,9.422859248494591,16800,0,2,2024-05-01,False,0,1749,16480.58082561704,1.024952366976592,16481.605777984016
2024-05-02 00:00:00-03:00,9.471936148181957,9.599537477914264,9.432674272577936,9.530829429626465,22399900.0,0.0,0.0,132,3,9.50138278890421,16800,0,3,2024-05-02,True,0,1749,16617.918497793464,1.024952366976592,16618.94345016044
2024-05-03 00:00:00-03:00,9.648615370598241,9.736954827602867,9.599537790476006,9.638799667358398,19743200.0,0.0,0.0,133,4,9.64370751897832,16800,0,4,2024-05-03,True,0,1749,16866.844450693083,1.024952366976592,16867.86940306006
2024-05-04 00:00:00-03:00,9.648615370598241,9.736954827602867,9.599537790476006,9.638799667358398,19743200.0,0.0,0.0,134,5,9.64370751897832,16800,0,5,2024-05-04,False,0,1749,16866.844450693083,1.024952366976592,16867.86940306006
2024-05-05 00:00:00-03:00,9.648615370598241,9.736954827602867,9.599537790476006,9.638799667358398,19743200.0,0.0,0.0,135,6,9.64370751897832,16800,0,6,2024-05-05,False,0,1749,16866.844450693083,1.024952366976592,16867.86940306006
2024-05-06 00:00:00-03:00,9.638799180678621,9.746770038711297,9.609353008522861,9.648614883422852,13400500.0,0.0,0.0,136,0,9.643707032050736,21000,0,0,2024-05-06,True,4200,2184,21061.85615799881,6.012393424906165,21067.868551423715
2024-05-07 00:00:00-03:00,9.746770296223012,9.894002096968638,9.658430841344853,9.795846939086914,22684700.0,0.0,0.0,137,1,9.771308617654963,21000,0,1,2024-05-07,True,0,2184,21340.53802095844,6.012393424906165,21346.550414383346
2024-05-08 00:00:00-03:00,9.736955855778126,9.923449556643067,9.69769397474987,9.90381908416748,26813300.0,0.0,0.0,138,2,9.820387469972804,21000,0,2,2024-05-08,True,0,2184,21447.726234420603,6.012393424906165,21453.73862784551
2024-05-09 00:00:00-03:00,9.854739825565886,9.86455552817555,9.648614751147521,9.746769905090332,21793000.0,0.0,0.0,139,3,9.80075486532811,21000,0,3,2024-05-09,True,0,2184,21404.84862587659,6.012393424906165,21410.861019301497
2024-05-10 00:00:00-03:00,9.766400688645184,9.864555845747931,9.736954515945142,9.854740142822266,19739500.0,0.0,0.0,140,4,9.810570415733725,21000,0,4,2024-05-10,True,0,2184,21426.285787962457,6.012393424906165,21432.298181387363
2024-05-11 00:00:00-03:00,9.766400688645184,9.864555845747931,9.736954515945142,9.854740142822266,19739500.0,0.0,0.0,141,5,9.810570415733725,21000,0,5,2024-05-11,False,0,2184,21426.285787962457,6.012393424906165,21432.298181387363
2024-05-12 00:00:00-03:00,9.766400688645184,9.864555845747931,9.736954515945142,9.854740142822266,19739500.0,0.0,0.0,142,6,9.810570415733725,21000,0,6,2024-05-12,False,0,2184,21426.285787962457,6.012393424906165,21432.298181387363
2024-05-13 00:00:00-03:00,9.884186200705246,9.972525653856156,9.854740028347258,9.933263778686523,18721200.0,0.0,0.0,143,0,9.908724989695884,21000,0,0,2024-05-13,True,0,2184,21640.65537749581,6.012393424906165,21646.667770920714
2024-05-14 00:00:00-03:00,9.952894958477778,10.090311050415039,9.943079255888854,10.090311050415039,22052300.0,0.0,0.0,144,1,10.021603004446408,21000,0,1,2024-05-14,True,0,2184,21887.180961710957,6.012393424906165,21893.193355135863
2024-05-15 00:00:00-03:00,10.080496788024902,10.149204837429597,10.031419208702848,10.080496788024902,18217300.0,0.0,0.0,145,2,10.080496788024902,21000,0,2,2024-05-15,True,0,2184,22015.804985046387,6.012393424906165,22021.817378471293
2024-05-16 00:00:00-03:00,10.159020932396828,10.17865140323672,10.041234363049458,10.129573822021484,13859000.0,0.0,0.0,146,3,10.144297377209156,21000,0,3,2024-05-16,True,0,2184,22155.1454718248,6.012393424906165,22161.157865249705
2024-05-17 00:00:00-03:00,10.109943450101392,10.119759153655881,10.021603990265017,10.07068157196045,25898500.0,0.0,0.0,147,4,10.09031251103092,21000,0,4,2024-05-17,True,0,2184,22037.24252409153,6.012393424906165,22043.254917516435
2024-05-18 00:00:00-03:00,10.109943450101392,10.119759153655881,10.021603990265017,10.07068157196045,25898500.0,0.0,0.0,148,5,10.09031251103092,21000,0,5,2024-05-18,False,0,2184,22037.24252409153,6.012393424906165,22043.254917516435
2024-05-19 00:00:00-03:00,10.109943450101392,10.119759153655881,10.021603990265017,10.07068157196045,25898500.0,0.0,0.0,149,6,10.09031251103092,21000,0,6,2024-05-19,False,0,2184,22037.24252409153,6.012393424906165,22043.254917516435
2024-05-20 00:00:00-03:00,10.060865460839993,10.109943040547291,9.982341707739108,10.02160358428955,23301800.0,0.0,0.0,150,0,10.041234522564771,21000,0,0,2024-05-20,True,0,2184,21930.05619728146,6.012393424906165,21936.068590706367
2024-05-21 00:00:00-03:00,10.021604071859505,10.07068165395452,10.00197266459069,10.011788368225098,30590400.0,0.0,0.0,151,1,10.016696220042302,21000,0,1,2024-05-21,True,0,2184,21876.464544572387,6.012393424906165,21882.476937997293
2024-05-22 00:00:00-03:00,9.972525653856156,10.011787529025789,9.903817606328534,9.933263778686523,36834000.0,0.0,0.0,152,2,9.95289471627134,21000,0,2,2024-05-22,True,0,2184,21737.122060336606,6.012393424906165,21743.13445376151
2024-05-23 00:00:00-03:00,9.88418680432514,9.923448681892465,9.82529445601265,9.844924926757812,18339000.0,0.0,0.0,153,3,9.864555865541476,21000,0,3,2024-05-23,True,0,2184,21544.190010342583,6.012393424906165,21550.20240376749
2024-05-24 00:00:00-03:00,9.844925516471527,9.894003100389694,9.7369555807132,9.776217460632324,31336000.0,0.0,0.0,154,4,9.810571488551926,21000,0,4,2024-05-24,True,0,2184,21426.288130997404,6.012393424906165,21432.30052442231
2024-05-25 00:00:00-03:00,9.844925516471527,9.894003100389694,9.7369555807132,9.776217460632324,31336000.0,0.0,0.0,155,5,9.810571488551926,21000,0,5,2024-05-25,False,0,2184,21426.288130997404,6.012393424906165,21432.30052442231
2024-05-26 00:00:00-03:00,9.844925516471527,9.894003100389694,9.7369555807132,9.776217460632324,31336000.0,0.0,0.0,156,6,9.810571488551926,21000,0,6,2024-05-26,False,0,2184,21426.288130997404,6.012393424906165,21432.30052442231
2024-05-27 00:00:00-03:00,9.786031723022461,9.835109299710869,9.756584615363266,9.786031723022461,15850800.0,0.0,0.0,157,0,9.786031723022461,21000,0,0,2024-05-27,True,0,2184,21372.693283081055,6.012393424906165,21378.70567650596
2024-05-28 00:00:00-03:00,9.864555471293146,9.884185940322357,9.74676984888712,9.786031723022461,17216700.0,0.0,0.0,158,1,9.825293597157803,21000,0,1,2024-05-28,True,0,2184,21458.44121619264,6.012393424906165,21464.453609617547
2024-05-29 00:00:00-03:00,9.736954278710611,9.77621615337973,9.668246232058886,9.68787670135498,24118900.0,0.0,0.0,159,2,9.712415490032797,21000,0,2,2024-05-29,True,0,2184,21211.915430231627,6.012393424906165,21217.927823656533
2024-05-30 00:00:00-03:00,9.736954278710611,9.77621615337973,9.668246232058886,9.68787670135498,24118900.0,0.0,0.0,160,3,9.712415490032797,21000,0,3,2024-05-30,True,0,2184,21211.915430231627,6.012393424906165,21217.927823656533
2024-05-31 00:00:00-03:00,9.658431685754568,9.697693565124423,9.521014639921557,9.550460815429688,58935300.0,0.0,0.0,161,4,9.604446250592128,21000,0,4,2024-05-31,True,0,2184,20976.110611293207,6.012393424906165,20982.123004718112
2024-06-01 00:00:00-03:00,9.658431685754568,9.697693565124423,9.521014639921557,9.550460815429688,58935300.0,0.0,0.0,162,5,9.604446250592128,21000,0,5,2024-06-01,False,0,2184,20976.110611293207,6.012393424906165,20982.123004718112
2024-06-02 00:00:00-03:00,9.658431685754568,9.697693565124423,9.521014639921557,9.550460815429688,58935300.0,0.0,0.0,163,6,9.604446250592128,21000,0,6,2024-06-02,False,0,2184,20976.110611293207,6.012393424906165,20982.123004718112
2024-06-03 00:00:00-03:00,9.583451403078843,9.662165509762952,9.524416292238847,9.622808456420898,20274000.0,0.02353,0.0,164,0,9.603129929749871,21000,0,0,2024-06-03,True,0,2184,20973.235766573718,57.40191342490616,21030.637679998625
2024-06-04 00:00:00-03:00,9.603129146254922,9.672003746032715,9.544093104769637,9.672003746032715,15358400.0,0.0,0.0,165,1,9.637566446143818,25200,0,1,2024-06-04,True,4200,2624,25288.97435468138,16.872677121625976,25305.847031803005
2024-06-05 00:00:00-03:00,9.672004394846253,9.740878999244265,9.62280784669934,9.721200942993164,16967400.0,0.0,0.0,166,2,9.69660266891971,25200,0,2,2024-06-05,True,0,2625,25453.58200591424,7.176074452706267,25460.758080366944
2024-06-06 00:00:00-03:00,9.721201135930578,9.839272290818869,9.691683581795036,9.78023624420166,10663700.0,0.0,0.0,167,3,9.750718690066119,25200,0,3,2024-06-06,True,0,2625,25595.636561423562,7.176074452706267,25602.812635876267
2024-06-07 00:00:00-03:00,9.701522294706226,9.740879346959442,9.494897535790303,9.54409408569336,30143600.0,0.0,0.0,168,4,9.622808190199793,25200,0,4,2024-06-07,True,0,2625,25259.871499274457,7.176074452706267,25267.047573727163
2024-06-08 00:00:00-03:00,9.701522294706226,9.740879346959442,9.494897535790303,9.54409408569336,30143600.0,0.0,0.0,169,5,9.622808190199793,25200,0,5,2024-06-08,False,0,2625,25259.871499274457,7.176074452706267,25267.047573727163
2024-06-09 00:00:00-03:00,9.701522294706226,9.740879346959442,9.494897535790303,9.54409408569336,30143600.0,0.0,0.0,170,6,9.622808190199793,25200,0,6,2024-06-09,False,0,2625,25259.871499274457,7.176074452706267,25267.047573727163
2024-06-10 00:00:00-03:00,9.54409477886343,9.56377377559236,9.42602361352849,9.465380668640137,21595800.0,0.0,0.0,171,0,9.504737723751784,25200,0,0,2024-06-10,True,0,2625,24949.936524848436,7.176074452706267,24957.11259930114
2024-06-11 00:00:00-03:00,9.524417180227637,9.6621664105945,9.46538112553737,9.603131294250488,13772500.0,0.0,0.0,172,1,9.563774237239063,25200,0,1,2024-06-11,True,0,2625,25104.90737275254,7.176074452706267,25112.083447205245
2024-06-12 00:00:00-03:00,9.612970015670724,9.64248757145559,9.426023306225495,9.51457691192627,28147900.0,0.0,0.0,173,2,9.563773463798498,25200,0,2,2024-06-12,True,0,2625,25104.90534247106,7.176074452706267,25112.081416923764
2024-06-13 00:00:00-03:00,9.494897576523808,9.553933624329972,9.416183471679688,9.416183471679688,16072000.0,0.0,0.0,174,3,9.455540524101748,25200,0,3,2024-06-13,True,0,2625,24820.79387576709,7.176074452706267,24827.969950219795
2024-06-14 00:00:00-03:00,9.416183471679688,9.455540524101748,9.357148362219672,9.416183471679688,17444300.0,0.0,0.0,175,4,9.416183471679688,25200,0,4,2024-06-14,True,0,2625,24717.48161315918,7.176074452706267,24724.657687611885
2024-06-15 00:00:00-03:00,9.416183471679688,9.455540524101748,9.357148362219672,9.416183471679688,17444300.0,0.0,0.0,176,5,9.416183471679688,25200,0,5,2024-06-15,False,0,2625,24717.48161315918,7.176074452706267,24724.657687611885
2024-06-16 00:00:00-03:00,9.416183471679688,9.455540524101748,9.357148362219672,9.416183471679688,17444300.0,0.0,0.0,177,6,9.416183471679688,25200,0,6,2024-06-16,False,0,2625,24717.48161315918,7.176074452706267,24724.657687611885
2024-06-17 00:00:00-03:00,9.4457026827455,9.553934350546566,9.406345627331818,9.48505973815918,24494000.0,0.0,0.0,178,0,9.465381210452339,25200,0,0,2024-06-17,True,0,2625,24846.62567743739,7.176074452706267,24853.801751890096
2024-06-18 00:00:00-03:00,9.485059486728387,9.59329115166044,9.46538049037009,9.553934097290039,32389200.0,0.0,0.0,179,1,9.519496792009214,25200,0,1,2024-06-18,True,0,2625,24988.679079024187,7.176074452706267,24995.855153476892
2024-06-19 00:00:00-03:00,9.553934429021124,9.672005596231985,9.485059816068013,9.652327537536621,14162100.0,0.0,0.0,180,2,9.603130983278874,25200,0,2,2024-06-19,True,0,2625,25208.218831107042,7.176074452706267,25215.394905559748
2024-06-20 00:00:00-03:00,9.701522637231005,9.721201633225478,9.603130472297172,9.642487525939941,17298100.0,0.0,0.0,181,3,9.672005081585473,25200,0,3,2024-06-20,True,0,2625,25389.013339161866,7.176074452706267,25396.18941361457
2024-06-21 00:00:00-03:00,9.617252349853516,9.756344231736472,9.587446134456552,9.617252349853516,47992300.0,0.0946,0.0,182,4,9.617252349853516,25200,0,4,2024-06-21,True,0,2625,25245.28741836548,255.5010744527063,25500.788492818185
2024-06-22 00:00:00-03:00,9.617252349853516,9.756344231736472,9.587446134456552,9.617252349853516,47992300.0,0.0946,0.0,183,5,9.617252349853516,25200,0,5,2024-06-22,False,0,2651,25495.33597946167,5.452513356514885,25500.788492818185
2024-06-23 00:00:00-03:00,9.617252349853516,9.756344231736472,9.587446134456552,9.617252349853516,47992300.0,0.0946,0.0,184,6,9.617252349853516,25200,0,6,2024-06-23,False,0,2651,25495.33597946167,5.452513356514885,25500.788492818185
2024-06-24 00:00:00-03:00,9.637121669710828,9.865631237419018,9.617251808057954,9.81595516204834,45941000.0,0.0,0.0,185,0,9.726538415879585,25200,0,0,2024-06-24,True,0,2651,25785.05334049678,5.452513356514885,25790.505853853294
2024-06-25 00:00:00-03:00,9.786149838841556,9.895436446026848,9.756343625297301,9.835824966430664,26516200.0,0.0,0.0,186,1,9.81098740263611,25200,0,1,2024-06-25,True,0,2651,26008.92760438833,5.452513356514885,26014.380117744844
2024-06-26 00:00:00-03:00,9.776214573981015,9.815955245115397,9.637121751264514,9.786149978637695,19983400.0,0.0,0.0,187,2,9.781182276309355,25200,0,2,2024-06-26,True,0,2651,25929.9142144961,5.452513356514885,25935.366727852615
2024-06-27 00:00:00-03:00,9.796084461482485,9.855695942086497,9.716603119005363,9.776214599609375,16679400.0,0.0,0.0,188,3,9.78614953054593,25200,0,3,2024-06-27,True,0,2651,25943.082405477264,5.452513356514885,25948.53491883378
2024-06-28 00:00:00-03:00,9.76627924628771,9.806019917735268,9.647057231945036,9.756343841552734,24091300.0,0.0,0.0,189,4,9.761311543920222,25200,0,4,2024-06-28,True,0,2651,25877.23690293251,5.452513356514885,25882.689416289024
2024-06-29 00:00:00-03:00,9.76627924628771,9.806019917735268,9.647057231945036,9.756343841552734,24091300.0,0.0,0.0,190,5,9.761311543920222,25200,0,5,2024-06-29,False,0,2651,25877.23690293251,5.452513356514885,25882.689416289024
2024-06-30 00:00:00-03:00,9.76627924628771,9.806019917735268,9.647057231945036,9.756343841552734,24091300.0,0.0,0.0,191,6,9.761311543920222,25200,0,6,2024-06-30,False,0,2651,25877.23690293251,5.452513356514885,25882.689416289024
2024-07-01 00:00:00-03:00,9.73647417287187,9.845760784649219,9.656992828398824,9.686798095703125,16583200.0,0.0,0.0,192,0,9.711636134287497,25200,0,0,2024-07-01,True,0,2651,25745.547391996155,5.452513356514885,25750.99990535267
2024-07-02 00:00:00-03:00,9.706668687312797,9.796084487215184,9.686797877895149,9.766279220581055,17816800.0,0.0,0.0,193,1,9.736473953946927,25200,0,1,2024-07-02,True,0,2651,25811.392451913303,5.452513356514885,25816.84496526982
2024-07-03 00:00:00-03:00,9.815955867038168,9.984853966933475,9.796085056465827,9.905372619628906,14958600.0,0.0,0.0,194,2,9.860664243333538,25200,0,2,2024-07-03,True,0,2651,26140.62090907721,5.452513356514885,26146.073422433725
2024-07-04 00:00:00-03:00,10.034528996855807,10.034528996855807,9.895436179867465,9.935176849365234,10016400.0,0.0,0.0,195,3,9.98485292311052,25200,0,3,2024-07-04,True,0,2651,26469.84509916599,5.452513356514885,26475.297612522503
2024-07-05 00:00:00-03:00,9.955048751452521,9.96498320929907,9.78615065065996,9.885501861572266,16301900.0,0.0,0.0,196,4,9.920275306512394,29400,0,4,2024-07-05,True,4200,3074,30494.9262922191,9.176058701772547,30504.102350920875
2024-07-06 00:00:00-03:00,9.955048751452521,9.96498320929907,9.78615065065996,9.885501861572266,16301900.0,0.0,0.0,197,5,9.920275306512394,29400,0,5,2024-07-06,False,0,3074,30494.9262922191,9.176058701772547,30504.102350920875
2024-07-07 00:00:00-03:00,9.955048751452521,9.96498320929907,9.78615065065996,9.885501861572266,16301900.0,0.0,0.0,198,6,9.920275306512394,29400,0,6,2024-07-07,False,0,3074,30494.9262922191,9.176058701772547,30504.102350920875
2024-07-08 00:00:00-03:00,9.885501015922793,9.895436420411826,9.78614981350943,9.845760345458984,16748500.0,0.0,0.0,199,0,9.865630680690888,29400,0,0,2024-07-08,True,0,3074,30326.94871244379,9.176058701772547,30336.124771145565
2024-07-09 00:00:00-03:00,9.815955867038168,9.905372619628906,9.776215193385884,9.905372619628906,13752800.0,0.0,0.0,200,1,9.860664243333538,29400,0,1,2024-07-09,False,0,3074,30311.681884007296,9.176058701772547,30320.85794270907
2024-07-10 00:00:00-03:00,9.925241152673344,10.044463157653809,9.895435888301295,10.044463157653809,29051300.0,0.0,0.0,201,2,9.984852155163576,29400,0,2,2024-07-10,True,0,3074,30693.435524972832,9.176058701772547,30702.611583674607
2024-07-11 00:00:00-03:00,10.054399381228984,10.09414005279541,10.024594114427254,10.09414005279541,16364300.0,0.0,0.0,202,3,10.074269717012196,29400,0,3,2024-07-11,True,0,3074,30968.30511009549,9.176058701772547,30977.481168797265
2024-07-12 00:00:00-03:00,10.074270056819165,10.143815994262695,10.014658576515899,10.143815994262695,22080800.0,0.0,0.0,203,4,10.109043025540931,29400,0,4,2024-07-12,True,0,3074,31075.19826051282,9.176058701772547,31084.374319214596
2024-07-13 00:00:00-03:00,10.074270056819165,10.143815994262695,10.014658576515899,10.143815994262695,22080800.0,0.0,0.0,204,5,10.109043025540931,29400,0,5,2024-07-13,False,0,3074,31075.19826051282,9.176058701772547,31084.374319214596
2024-07-14 00:00:00-03:00,10.074270056819165,10.143815994262695,10.014658576515899,10.143815994262695,22080800.0,0.0,0.0,205,6,10.109043025540931,29400,0,6,2024-07-14,False,0,3074,31075.19826051282,9.176058701772547,31084.374319214596
2024-07-15 00:00:00-03:00,10.153751373291016,10.183556639621322,10.09413989313807,10.153751373291016,18683600.0,0.0,0.0,206,0,10.153751373291016,29400,0,0,2024-07-15,True,0,3074,31212.631721496582,9.176058701772547,31221.807780198356
2024-07-16 00:00:00-03:00,10.153751290614043,10.203427365754955,10.123945077034099,10.18355655670166,21967500.0,0.0,0.0,207,1,10.168653923657851,29400,0,1,2024-07-16,True,0,3074,31258.442161324234,9.176058701772547,31267.61822002601
2024-07-17 00:00:00-03:00,10.183557204397545,10.302779223823112,10.114011263272392,10.29284381866455,22237900.0,0.0,0.0,208,2,10.238200511531048,29400,0,2,2024-07-17,True,0,3074,31472.22837244644,9.176058701772547,31481.404431148214
2024-07-18 00:00:00-03:00,10.253102467756102,10.312713947274549,10.12394505170974,10.19349193572998,18162300.0,0.0,0.0,209,3,10.22329720174304,29400,0,3,2024-07-18,True,0,3074,31426.415598158106,9.176058701772547,31435.59165685988
2024-07-19 00:00:00-03:00,10.203428014714666,10.332584491806408,10.203428014714666,10.29284381866455,13732900.0,0.0,0.0,210,4,10.248135916689609,29400,0,4,2024-07-19,True,0,3074,31502.76980790386,9.176058701772547,31511.945866605634
2024-07-20 00:00:00-03:00,10.203428014714666,10.332584491806408,10.203428014714666,10.29284381866455,13732900.0,0.0,0.0,211,5,10.248135916689609,29400,0,5,2024-07-20,False,0,3074,31502.76980790386,9.176058701772547,31511.945866605634
2024-07-21 00:00:00-03:00,10.203428014714666,10.332584491806408,10.203428014714666,10.29284381866455,13732900.0,0.0,0.0,212,6,10.248135916689609,29400,0,6,2024-07-21,False,0,3074,31502.76980790386,9.176058701772547,31511.945866605634
2024-07-22 00:00:00-03:00,10.282908332906636,10.35245426707854,10.253102120410999,10.322649002075195,16596200.0,0.0,0.0,213,0,10.302778667490916,29400,0,0,2024-07-22,True,0,3074,31670.741623867074,9.176058701772547,31679.91768256885
2024-07-23 00:00:00-03:00,10.292843112574252,10.302778517051243,10.19349191028131,10.2034273147583,14354800.0,0.0,0.0,214,1,10.248135213666277,29400,0,1,2024-07-23,True,0,3074,31502.767646810134,9.176058701772547,31511.94370551191
2024-07-24 00:00:00-03:00,10.193491961228307,10.233232631842572,10.143815886087395,10.18355655670166,13267500.0,0.0,0.0,215,2,10.188524258964984,29400,0,2,2024-07-24,True,0,3074,31319.52357205836,9.176058701772547,31328.699630760133
2024-07-25 00:00:00-03:00,10.153751533891223,10.223297472259379,10.044463976464291,10.09414005279541,25757400.0,0.0,0.0,216,3,10.123945793343317,29400,0,3,2024-07-25,True,0,3074,31121.009368737356,9.176058701772547,31130.18542743913
2024-07-26 00:00:00-03:00,10.12394496991007,10.223297119140625,10.054399033944073,10.223297119140625,9386600.0,0.0,0.0,217,4,10.173621044525348,29400,0,4,2024-07-26,True,0,3074,31273.71109087092,9.176058701772547,31282.887149572693
2024-07-27 00:00:00-03:00,10.12394496991007,10.223297119140625,10.054399033944073,10.223297119140625,9386600.0,0.0,0.0,218,5,10.173621044525348,29400,0,5,2024-07-27,False,0,3074,31273.71109087092,9.176058701772547,31282.887149572693
2024-07-28 00:00:00-03:00,10.12394496991007,10.223297119140625,10.054399033944073,10.223297119140625,9386600.0,0.0,0.0,219,6,10.173621044525348,29400,0,6,2024-07-28,False,0,3074,31273.71109087092,9.176058701772547,31282.887149572693
2024-07-29 00:00:00-03:00,10.203427150660978,10.282908490213996,10.183556342026572,10.26303768157959,22454400.0,0.0,0.0,220,0,10.233232416120284,29400,0,0,2024-07-29,True,0,3074,31456.956447153752,9.176058701772547,31466.132505855527
2024-07-30 00:00:00-03:00,10.24316803636922,10.253102493403542,10.123945077034099,10.18355655670166,21228400.0,0.0,0.0,221,1,10.21336229653544,29400,0,1,2024-07-30,True,0,3074,31395.875699549943,9.176058701772547,31405.051758251717
2024-07-31 00:00:00-03:00,10.193491217379592,10.203426621181224,10.05439840663351,10.104074478149414,33386400.0,0.0,0.0,222,2,10.148782847764503,29400,0,2,2024-07-31,True,0,3074,31197.358474028082,9.176058701772547,31206.534532729856
2024-08-01 00:00:00-03:00,10.104074983002473,10.133880248404342,9.83582475190874,9.915306091308594,25171700.0,0.0,0.0,223,3,10.009690537155533,29400,0,3,2024-08-01,True,0,3074,30769.788711216108,9.176058701772547,30778.964769917882
2024-08-02 00:00:00-03:00,9.895436613325058,9.945112689246344,9.736473928370815,9.776214599609375,23139100.0,0.0,0.0,224,4,9.835825606467218,29400,0,4,2024-08-02,True,0,3074,30235.327914280228,9.176058701772547,30244.503972982002
2024-08-03 00:00:00-03:00,9.895436613325058,9.945112689246344,9.736473928370815,9.776214599609375,23139100.0,0.0,0.0,225,5,9.835825606467218,29400,0,5,2024-08-03,False,0,3074,30235.327914280228,9.176058701772547,30244.503972982002
2024-08-04 00:00:00-03:00,9.895436613325058,9.945112689246344,9.736473928370815,9.776214599609375,23139100.0,0.0,0.0,226,6,9.835825606467218,29400,0,6,2024-08-04,False,0,3074,30235.327914280228,9.176058701772547,30244.503972982002
2024-08-05 00:00:00-03:00,9.587445751027527,9.796084513000292,9.577511293784896,9.756343841552734,24448000.0,0.0,0.0,227,0,9.67189479629013,33600,0,0,2024-08-05,True,4200,3508,33929.00694538578,11.573717111855387,33940.58066249763
2024-08-06 00:00:00-03:00,9.77621502669359,10.004723659424869,9.77621502669359,9.964982986450195,20418500.0,0.0,0.0,228,1,9.870599006571894,33600,0,1,2024-08-06,True,0,3509,34635.93191406078,1.7031181052834938,34637.63503216606
2024-08-07 00:00:00-03:00,10.024594332898701,10.064335005331216,9.8457608332062,10.01465892791748,18513500.0,0.0,0.0,229,2,10.01962663040809,33600,0,2,2024-08-07,True,0,3509,35158.86984610199,1.7031181052834938,35160.57296420727
2024-08-08 00:00:00-03:00,9.994789065447407,10.09414027278251,9.984853660466186,10.01465892791748,18626400.0,0.0,0.0,230,3,10.004723996682443,33600,0,3,2024-08-08,True,0,3509,35106.576504358694,1.7031181052834938,35108.279622463975
2024-08-09 00:00:00-03:00,10.064334283194363,10.28290843963623,10.034529017881658,10.28290843963623,24543600.0,0.0,0.0,231,4,10.173621361415297,33600,0,4,2024-08-09,True,0,3509,35699.23735720628,1.7031181052834938,35700.94047531156
2024-08-10 00:00:00-03:00,10.064334283194363,10.28290843963623,10.034529017881658,10.28290843963623,24543600.0,0.0,0.0,232,5,10.173621361415297,33600,0,5,2024-08-10,False,0,3509,35699.23735720628,1.7031181052834938,35700.94047531156
2024-08-11 00:00:00-03:00,10.064334283194363,10.28290843963623,10.034529017881658,10.28290843963623,24543600.0,0.0,0.0,233,6,10.173621361415297,33600,0,6,2024-08-11,False,0,3509,35699.23735720628,1.7031181052834938,35700.94047531156
2024-08-12 00:00:00-03:00,10.312714518491665,10.352455191207742,10.253103035671364,10.332584381103516,22458100.0,0.0,0.0,234,0,10.322649449797591,33600,0,0,2024-08-12,True,0,3509,36222.17691933975,1.7031181052834938,36223.88003744503
2024-08-13 00:00:00-03:00,10.382259815096024,10.58096316635535,10.332583740408113,10.571028709411621,28124600.0,0.0,0.0,235,1,10.476644262253823,33600,0,1,2024-08-13,True,0,3509,36762.54471624866,1.7031181052834938,36764.24783435394
2024-08-14 00:00:00-03:00,10.561093655014213,10.859149165528162,10.551158250248868,10.789602279663086,32706800.0,0.0,0.0,236,2,10.675347967338649,33600,0,2,2024-08-14,True,0,3509,37459.796017391316,1.7031181052834938,37461.4991354966
2024-08-15 00:00:00-03:00,10.809472714462572,10.928694725036621,10.73992677850079,10.928694725036621,19774000.0,0.0,0.0,237,3,10.869083719749597,33600,0,3,2024-08-15,True,0,3509,38139.61477260134,1.7031181052834938,38141.31789070662
2024-08-16 00:00:00-03:00,11.00817622598572,11.067787705888401,10.799537467564829,10.869083404541016,31428100.0,0.0,0.0,238,4,10.938629815263369,33600,0,4,2024-08-16,True,0,3509,38383.65202175916,1.7031181052834938,38385.35513986444
2024-08-17 00:00:00-03:00,11.00817622598572,11.067787705888401,10.799537467564829,10.869083404541016,31428100.0,0.0,0.0,239,5,10.938629815263369,33600,0,5,2024-08-17,False,0,3509,38383.65202175916,1.7031181052834938,38385.35513986444
2024-08-18 00:00:00-03:00,11.00817622598572,11.067787705888401,10.799537467564829,10.869083404541016,31428100.0,0.0,0.0,240,6,10.938629815263369,33600,0,6,2024-08-18,False,0,3509,38383.65202175916,1.7031181052834938,38385.35513986444
2024-08-19 00:00:00-03:00,10.869083139227076,11.008175957276528,10.85914868239607,10.968435287475586,38109700.0,0.0,0.0,241,0,10.918759213351331,33600,0,0,2024-08-19,True,0,3509,38313.92607964982,1.7031181052834938,38315.6291977551
2024-08-20 00:00:00-03:00,10.988306014129353,11.037981140390634,10.898889270871368,10.99824047088623,16360500.0,0.0,0.0,242,1,10.993273242507792,33600,0,1,2024-08-20,True,0,3509,38575.395807959845,1.7031181052834938,38577.098926065126
2024-08-21 00:00:00-03:00,10.998240609982792,11.018111418732454,10.90882386559394,10.948565483093262,19709500.0,0.0,0.0,243,2,10.973403046538028,33600,0,2,2024-08-21,True,0,3509,38505.67129030194,1.7031181052834938,38507.374408407224
2024-08-22 00:00:00-03:00,10.829342682974584,10.888954162597656,10.759796746324605,10.888954162597656,18736700.0,0.0,0.0,244,3,10.85914842278612,33600,0,3,2024-08-22,True,0,3509,38104.7518155565,1.7031181052834938,38106.45493366178
2024-08-23 00:00:00-03:00,10.91875942866303,11.008176174351474,10.84921349201305,10.888954162597656,27940500.0,0.0,0.0,245,4,10.903856795630343,33600,0,4,2024-08-23,True,0,3509,38261.633495866874,1.7031181052834938,38263.336613972155
2024-08-24 00:00:00-03:00,10.91875942866303,11.008176174351474,10.84921349201305,10.888954162597656,27940500.0,0.0,0.0,246,5,10.903856795630343,33600,0,5,2024-08-24,False,0,3509,38261.633495866874,1.7031181052834938,38263.336613972155
2024-08-25 00:00:00-03:00,10.91875942866303,11.008176174351474,10.84921349201305,10.888954162597656,27940500.0,0.0,0.0,247,6,10.903856795630343,33600,0,6,2024-08-25,False,0,3509,38261.633495866874,1.7031181052834938,38263.336613972155
2024-08-26 00:00:00-03:00,10.908824049704547,10.938630263332085,10.809472846756401,10.879018783569336,15331600.0,0.0,0.0,248,0,10.893921416636942,33600,0,0,2024-08-26,True,0,3509,38226.77025097903,1.7031181052834938,38228.47336908431
2024-08-27 00:00:00-03:00,10.879018783569336,10.88895418811185,10.789602037671377,10.879018783569336,15932100.0,0.0,0.0,249,1,10.879018783569336,33600,0,1,2024-08-27,True,0,3509,38174.4769115448,1.7031181052834938,38176.18002965008
2024-08-28 00:00:00-03:00,10.849212987403948,11.097592403878412,10.789601510553474,11.07772159576416,24010400.0,0.0,0.0,250,2,10.963467291584054,33600,0,2,2024-08-28,True,0,3509,38470.80672616845,1.7031181052834938,38472.50984427373
2024-08-29 00:00:00-03:00,11.037981305566527,11.087657380063476,10.908823890871384,10.938630104064941,22120000.0,0.0,0.0,251,3,10.988305704815733,33600,0,3,2024-08-29,True,0,3509,38557.96471819841,1.7031181052834938,38559.66783630369
2024-08-30 00:00:00-03:00,10.879018758078423,10.888954162597656,10.759796746324605,10.888954162597656,48632500.0,0.0,0.0,252,4,10.88398646033804,33600,0,4,2024-08-30,True,0,3509,38191.90848932618,1.7031181052834938,38193.61160743146
2024-08-31 00:00:00-03:00,10.879018758078423,10.888954162597656,10.759796746324605,10.888954162597656,48632500.0,0.0,0.0,253,5,10.88398646033804,33600,0,5,2024-08-31,False,0,3509,38191.90848932618,1.7031181052834938,38193.61160743146
2024-09-01 00:00:00-03:00,10.879018758078423,10.888954162597656,10.759796746324605,10.888954162597656,48632500.0,0.0,0.0,254,6,10.88398646033804,33600,0,6,2024-09-01,False,0,3509,38191.90848932618,1.7031181052834938,38193.61160743146
2024-09-02 00:00:00-03:00,10.932294720729939,10.942251501601417,10.802860367524257,10.822772979736328,18387300.0,0.02353,0.0,255,0,10.877533850233133,33600,0,0,2024-09-02,True,0,3509,38169.266280468066,84.26988810528348,38253.53616857335
2024-09-03 00:00:00-03:00,10.852642822722744,11.021904306431178,10.832730209685183,10.992034912109375,15009000.0,0.0,0.0,256,1,10.922338867416059,33600,0,1,2024-09-03,True,0,3516,38402.94345783487,7.813516033371073,38410.756973868236
2024-09-04 00:00:00-03:00,11.031861101276053,11.230991979551069,11.011948488214015,11.081644058227539,25752700.0,0.0,0.0,257,2,11.056752579751796,33600,0,2,2024-09-04,True,0,3516,38875.54207040732,7.813516033371073,38883.35558644069
2024-09-05 00:00:00-03:00,11.081643649831925,11.181208610534668,11.011948082386915,11.181208610534668,24076400.0,0.0,0.0,258,3,11.131426130183296,37800,0,3,2024-09-05,True,4200,3893,43334.641924803575,11.265864954267911,43345.90778975784
2024-09-06 00:00:00-03:00,11.161295872988715,11.171252653806553,11.04181735176731,11.071686744689941,34721500.0,0.0,0.0,259,4,11.11649130883933,37800,0,4,2024-09-06,True,0,3894,43287.61715662035,0.14937364542858234,43287.76653026578
2024-09-07 00:00:00-03:00,11.161295872988715,11.171252653806553,11.04181735176731,11.071686744689941,34721500.0,0.0,0.0,260,5,11.11649130883933,37800,0,5,2024-09-07,False,0,3894,43287.61715662035,0.14937364542858234,43287.76653026578
2024-09-08 00:00:00-03:00,11.161295872988715,11.171252653806553,11.04181735176731,11.071686744689941,34721500.0,0.0,0.0,261,6,11.11649130883933,37800,0,6,2024-09-08,False,0,3894,43287.61715662035,0.14937364542858234,43287.76653026578
2024-09-09 00:00:00-03:00,11.061729671776568,11.221035312062707,11.051773840752505,11.19116497039795,15086500.0,0.0,0.0,262,0,11.126447321087259,37800,0,0,2024-09-09,True,0,3894,43326.38586831379,0.14937364542858234,43326.53524195922
2024-09-10 00:00:00-03:00,11.091600430761467,11.19116539146421,11.061730087972842,11.181208610534668,17073400.0,0.0,0.0,263,1,11.136404520648068,37800,0,1,2024-09-10,True,0,3894,43365.15920340358,0.14937364542858234,43365.30857704901
2024-09-11 00:00:00-03:00,11.181208610534668,11.221035734252835,11.081643649831925,11.181208610534668,33551900.0,0.0,0.0,264,2,11.181208610534668,37800,0,2,2024-09-11,True,0,3894,43539.626329422,0.14937364542858234,43539.775703067426
2024-09-12 00:00:00-03:00,11.141382749735214,11.171253093364042,11.051774567441491,11.151339530944824,19688900.0,0.0,0.0,265,3,11.14636114034002,37800,0,3,2024-09-12,True,0,3894,43403.93028048403,0.14937364542858234,43404.07965412946
2024-09-13 00:00:00-03:00,11.181208925042732,11.260862225188683,11.061730399120181,11.151339530944824,26409900.0,0.0,0.0,266,4,11.166274227993778,37800,0,4,2024-09-13,True,0,3894,43481.47184380777,0.14937364542858234,43481.6212174532
2024-09-14 00:00:00-03:00,11.181208925042732,11.260862225188683,11.061730399120181,11.151339530944824,26409900.0,0.0,0.0,267,5,11.166274227993778,37800,0,5,2024-09-14,False,0,3894,43481.47184380777,0.14937364542858234,43481.6212174532
2024-09-15 00:00:00-03:00,11.181208925042732,11.260862225188683,11.061730399120181,11.151339530944824,26409900.0,0.0,0.0,268,6,11.166274227993778,37800,0,6,2024-09-15,False,0,3894,43481.47184380777,0.14937364542858234,43481.6212174532
2024-09-16 00:00:00-03:00,11.151339530944824,11.181208925042732,11.101556574427699,11.151339530944824,9195000.0,0.0,0.0,269,0,11.151339530944824,37800,0,0,2024-09-16,True,0,3894,43423.316133499146,0.14937364542858234,43423.465507144574
2024-09-17 00:00:00-03:00,11.1115126048166,11.14138199689619,11.031860259583787,11.101555824279785,24223800.0,0.0,0.0,270,1,11.106534214548192,37800,0,1,2024-09-17,True,0,3894,43248.84423145066,0.14937364542858234,43248.99360509609
2024-09-18 00:00:00-03:00,11.051774024963379,11.161295764300428,11.011947851610737,11.051774024963379,25776600.0,0.0,0.0,271,2,11.051774024963379,37800,0,2,2024-09-18,True,0,3894,43035.6080532074,0.14937364542858234,43035.757426852826
2024-09-19 00:00:00-03:00,11.09160041809082,11.230991552821603,11.041817463030872,11.09160041809082,54898200.0,0.0,0.0,272,3,11.09160041809082,37800,0,3,2024-09-19,True,0,3894,43190.692028045654,0.14937364542858234,43190.84140169108
2024-09-20 00:00:00-03:00,11.100000381469727,11.140000343322754,10.970000267028809,10.970000267028809,39617600.0,0.0484,0.0,273,4,11.035000324249268,37800,0,4,2024-09-20,True,0,3894,42970.29126262665,188.61897364542858,43158.91023627207
2024-09-21 00:00:00-03:00,11.100000381469727,11.140000343322754,10.970000267028809,10.970000267028809,39617600.0,0.0484,0.0,274,5,11.035000324249268,37800,0,5,2024-09-21,False,0,3911,43157.886268138885,1.0239681331910333,43158.91023627207
2024-09-22 00:00:00-03:00,11.100000381469727,11.140000343322754,10.970000267028809,10.970000267028809,39617600.0,0.0484,0.0,275,6,11.035000324249268,37800,0,6,2024-09-22,False,0,3911,43157.886268138885,1.0239681331910333,43158.91023627207
2024-09-23 00:00:00-03:00,10.930000305175781,10.970000267028809,10.869999885559082,10.899999618530273,21846000.0,0.0,0.0,276,0,10.914999961853027,37800,0,0,2024-09-23,True,0,3911,42688.56485080719,1.0239681331910333,42689.58881894038
2024-09-24 00:00:00-03:00,10.970000267028809,11.050000190734863,10.829999923706055,10.90999984741211,17378200.0,0.0,0.0,277,1,10.940000057220459,37800,0,1,2024-09-24,True,0,3911,42786.340223789215,1.0239681331910333,42787.3641919224
2024-09-25 00:00:00-03:00,10.920000076293945,11.0,10.920000076293945,11.0,16529500.0,0.0,0.0,278,2,10.960000038146973,37800,0,2,2024-09-25,True,0,3911,42864.56014919281,1.0239681331910333,42865.584117326
2024-09-26 00:00:00-03:00,11.050000190734863,11.199999809265137,11.039999961853027,11.180000305175781,21537600.0,0.0,0.0,279,3,11.115000247955322,37800,0,3,2024-09-26,True,0,3911,43470.765969753265,1.0239681331910333,43471.78993788645
2024-09-27 00:00:00-03:00,11.15999984741211,11.229999542236328,11.079999923706055,11.149999618530273,27326800.0,0.0,0.0,280,4,11.154999732971191,37800,0,4,2024-09-27,True,0,3911,43627.20395565033,1.0239681331910333,43628.22792378352
2024-09-28 00:00:00-03:00,11.15999984741211,11.229999542236328,11.079999923706055,11.149999618530273,27326800.0,0.0,0.0,281,5,11.154999732971191,37800,0,5,2024-09-28,False,0,3911,43627.20395565033,1.0239681331910333,43628.22792378352
2024-09-29 00:00:00-03:00,11.15999984741211,11.229999542236328,11.079999923706055,11.149999618530273,27326800.0,0.0,0.0,282,6,11.154999732971191,37800,0,6,2024-09-29,False,0,3911,43627.20395565033,1.0239681331910333,43628.22792378352
2024-09-30 00:00:00-03:00,11.100000381469727,11.229999542236328,11.029999732971191,11.069999694824219,41791300.0,0.0,0.0,283,0,11.085000038146973,37800,0,0,2024-09-30,True,0,3911,43353.43514919281,1.0239681331910333,43354.459117326
2024-10-01 00:00:00-03:00,11.09000015258789,11.130000114440918,10.880000114440918,10.890000343322754,25694400.0,0.0,0.0,284,1,10.990000247955322,37800,0,1,2024-10-01,True,0,3911,42981.890969753265,1.0239681331910333,42982.91493788645
2024-10-02 00:00:00-03:00,11.0,11.100000381469727,10.920000076293945,10.930000305175781,14088400.0,0.0,0.0,285,2,10.96500015258789,37800,0,2,2024-10-02,True,0,3911,42884.11559677124,1.0239681331910333,42885.13956490443
2024-10-03 00:00:00-03:00,10.850000381469727,10.859999656677246,10.579999923706055,10.600000381469727,29594200.0,0.0,0.0,286,3,10.725000381469727,37800,0,3,2024-10-03,True,0,3911,41945.4764919281,1.0239681331910333,41946.50046006129
2024-10-04 00:00:00-03:00,10.550000190734863,10.680000305175781,10.529999732971191,10.619999885559082,15516700.0,0.0,0.0,287,4,10.585000038146973,37800,0,4,2024-10-04,True,0,3911,41397.93514919281,1.0239681331910333,41398.959117326
